Department,인원수,총월급,평균월급,이직률
Human Resources,63,419234,6654.507936507936,19.047619047619047
Research & Development,961,6036284,6281.252861602497,13.839750260145681
Sales,446,3103791,6959.17264573991,20.62780269058296
